Train ID,Weather
T00001,Clear
T00002,Cloudy
T00003,Snow
T00004,Storm
T00005,Clear
T00006,Storm
T00007,Snow
T00008,Fog
T00009,Rain
T00010,Cloudy
T00011,Rain
T00012,Rain
T00013,Clear
T00014,Rain
T00015,Fog
T00016,Fog
T00017,Snow
T00018,Cloudy
T00019,Snow
T00020,Cloudy
T00021,Rain
T00022,Rain
T00023,Cloudy
T00024,Snow
T00025,Snow
T00026,Cloudy
T00027,Rain
T00028,Cloudy
T00029,Clear
T00030,Rain
T00031,Cloudy
T00032,Cloudy
T00033,Snow
T00034,Cloudy
T00035,Storm
T00036,Fog
T00037,Cloudy
T00038,Clear
T00039,Clear
T00040,Snow
T00041,Fog
T00042,Storm
T00043,Clear
T00044,Snow
T00045,Snow
T00046,Fog
T00047,Snow
T00048,Cloudy
T00049,Snow
T00050,Storm
T00051,Cloudy
T00052,Clear
T00053,Clear
T00054,Rain
T00055,Storm
T00056,Fog
T00057,Storm
T00058,Snow
T00059,Rain
T00060,Cloudy
T00061,Cloudy
T00062,Snow
T00063,Storm
T00064,Cloudy
T00065,Storm
T00066,Cloudy
T00067,Snow
T00068,Clear
T00069,Storm
T00070,Fog
T00071,Snow
T00072,Cloudy
T00073,Fog
T00074,Snow
T00075,Fog
T00076,Snow
T00077,Clear
T00078,Clear
T00079,Storm
T00080,Cloudy
T00081,Clear
T00082,Clear
T00083,Clear
T00084,Fog
T00085,Fog
T00086,Clear
T00087,Fog
T00088,Snow
T00089,Snow
T00090,Rain
T00091,Snow
T00092,Rain
T00093,Fog
T00094,Clear
T00095,Cloudy
T00096,Snow
T00097,Clear
T00098,Storm
T00099,Fog
T00100,Storm
T00101,Snow
T00102,Rain
T00103,Snow
T00104,Clear
T00105,Storm
T00106,Cloudy
T00107,Rain
T00108,Rain
T00109,Storm
T00110,Snow
T00111,Storm
T00112,Cloudy
T00113,Clear
T00114,Rain
T00115,Snow
T00116,Snow
T00117,Fog
T00118,Snow
T00119,Clear
T00120,Rain
T00121,Storm
T00122,Clear
T00123,Snow
T00124,Rain
T00125,Fog
T00126,Rain
T00127,Rain
T00128,Snow
T00129,Storm
T00130,Snow
T00131,Cloudy
T00132,Fog
T00133,Rain
T00134,Snow
T00135,Cloudy
T00136,Snow
T00137,Clear
T00138,Cloudy
T00139,Rain
T00140,Clear
T00141,Rain
T00142,Rain
T00143,Fog
T00144,Clear
T00145,Storm
T00146,Storm
T00147,Rain
T00148,Clear
T00149,Rain
T00150,Clear
T00151,Snow
T00152,Cloudy
T00153,Snow
T00154,Snow
T00155,Rain
T00156,Fog
T00157,Rain
T00158,Fog
T00159,Snow
T00160,Rain
T00161,Clear
T00162,Fog
T00163,Snow
T00164,Fog
T00165,Fog
T00166,Snow
T00167,Snow
T00168,Clear
T00169,Rain
T00170,Clear
T00171,Storm
T00172,Fog
T00173,Snow
T00174,Fog
T00175,Snow
T00176,Fog
T00177,Snow
T00178,Storm
T00179,Cloudy
T00180,Storm
T00181,Fog
T00182,Storm
T00183,Cloudy
T00184,Rain
T00185,Snow
T00186,Snow
T00187,Clear
T00188,Rain
T00189,Storm
T00190,Cloudy
T00191,Snow
T00192,Fog
T00193,Fog
T00194,Fog
T00195,Clear
T00196,Fog
T00197,Fog
T00198,Snow
T00199,Storm
T00200,Rain
T00201,Fog
T00202,Fog
T00203,Fog
T00204,Clear
T00205,Snow
T00206,Fog
T00207,Clear
T00208,Cloudy
T00209,Fog
T00210,Clear
T00211,Storm
T00212,Snow
T00213,Clear
T00214,Clear
T00215,Cloudy
T00216,Storm
T00217,Rain
T00218,Storm
T00219,Clear
T00220,Clear
T00221,Rain
T00222,Fog
T00223,Clear
T00224,Snow
T00225,Rain
T00226,Clear
T00227,Clear
T00228,Snow
T00229,Snow
T00230,Fog
T00231,Fog
T00232,Fog
T00233,Cloudy
T00234,Rain
T00235,Fog
T00236,Snow
T00237,Cloudy
T00238,Fog
T00239,Storm
T00240,Clear
T00241,Fog
T00242,Rain
T00243,Storm
T00244,Clear
T00245,Cloudy
T00246,Storm
T00247,Fog
T00248,Fog
T00249,Rain
T00250,Cloudy
T00251,Rain
T00252,Rain
T00253,Rain
T00254,Rain
T00255,Clear
T00256,Clear
T00257,Snow
T00258,Snow
T00259,Storm
T00260,Rain
T00261,Cloudy
T00262,Clear
T00263,Rain
T00264,Rain
T00265,Fog
T00266,Rain
T00267,Rain
T00268,Fog
T00269,Fog
T00270,Snow
T00271,Storm
T00272,Clear
T00273,Storm
T00274,Storm
T00275,Fog
T00276,Rain
T00277,Storm
T00278,Cloudy
T00279,Snow
T00280,Cloudy
T00281,Clear
T00282,Storm
T00283,Cloudy
T00284,Snow
T00285,Snow
T00286,Snow
T00287,Cloudy
T00288,Cloudy
T00289,Rain
T00290,Clear
T00291,Snow
T00292,Rain
T00293,Snow
T00294,Rain
T00295,Fog
T00296,Fog
T00297,Rain
T00298,Snow
T00299,Clear
T00300,Rain
T00301,Cloudy
T00302,Fog
T00303,Fog
T00304,Fog
T00305,Rain
T00306,Cloudy
T00307,Fog
T00308,Storm
T00309,Rain
T00310,Fog
T00311,Clear
T00312,Fog
T00313,Rain
T00314,Fog
T00315,Rain
T00316,Rain
T00317,Clear
T00318,Cloudy
T00319,Storm
T00320,Clear
T00321,Clear
T00322,Snow
T00323,Rain
T00324,Cloudy
T00325,Fog
T00326,Snow
T00327,Fog
T00328,Clear
T00329,Storm
T00330,Cloudy
T00331,Rain
T00332,Storm
T00333,Rain
T00334,Cloudy
T00335,Fog
T00336,Fog
T00337,Snow
T00338,Fog
T00339,Storm
T00340,Fog
T00341,Fog
T00342,Fog
T00343,Clear
T00344,Storm
T00345,Clear
T00346,Snow
T00347,Rain
T00348,Fog
T00349,Storm
T00350,Snow
T00351,Clear
T00352,Snow
T00353,Cloudy
T00354,Clear
T00355,Clear
T00356,Fog
T00357,Fog
T00358,Cloudy
T00359,Storm
T00360,Snow
T00361,Storm
T00362,Snow
T00363,Snow
T00364,Rain
T00365,Clear
T00366,Rain
T00367,Rain
T00368,Fog
T00369,Cloudy
T00370,Storm
T00371,Clear
T00372,Rain
T00373,Snow
T00374,Storm
T00375,Rain
T00376,Rain
T00377,Storm
T00378,Snow
T00379,Cloudy
T00380,Snow
T00381,Fog
T00382,Snow
T00383,Rain
T00384,Cloudy
T00385,Storm
T00386,Rain
T00387,Fog
T00388,Rain
T00389,Clear
T00390,Snow
T00391,Storm
T00392,Fog
T00393,Clear
T00394,Snow
T00395,Fog
T00396,Clear
T00397,Clear
T00398,Storm
T00399,Snow
T00400,Snow
T00401,Clear
T00402,Rain
T00403,Cloudy
T00404,Fog
T00405,Snow
T00406,Snow
T00407,Fog
T00408,Fog
T00409,Clear
T00410,Fog
T00411,Rain
T00412,Storm
T00413,Fog
T00414,Fog
T00415,Snow
T00416,Clear
T00417,Cloudy
T00418,Clear
T00419,Storm
T00420,Cloudy
T00421,Rain
T00422,Storm
T00423,Snow
T00424,Clear
T00425,Rain
T00426,Clear
T00427,Storm
T00428,Fog
T00429,Storm
T00430,Cloudy
T00431,Snow
T00432,Snow
T00433,Fog
T00434,Fog
T00435,Clear
T00436,Clear
T00437,Snow
T00438,Rain
T00439,Rain
T00440,Fog
T00441,Snow
T00442,Cloudy
T00443,Cloudy
T00444,Fog
T00445,Clear
T00446,Snow
T00447,Snow
T00448,Clear
T00449,Snow
T00450,Cloudy
T00451,Storm
T00452,Clear
T00453,Snow
T00454,Snow
T00455,Rain
T00456,Storm
T00457,Fog
T00458,Storm
T00459,Rain
T00460,Fog
T00461,Storm
T00462,Storm
T00463,Snow
T00464,Clear
T00465,Rain
T00466,Cloudy
T00467,Snow
T00468,Snow
T00469,Snow
T00470,Fog
T00471,Rain
T00472,Storm
T00473,Clear
T00474,Storm
T00475,Rain
T00476,Fog
T00477,Rain
T00478,Rain
T00479,Snow
T00480,Storm
T00481,Cloudy
T00482,Clear
T00483,Cloudy
T00484,Rain
T00485,Snow
T00486,Fog
T00487,Storm
T00488,Rain
T00489,Snow
T00490,Fog
T00491,Fog
T00492,Snow
T00493,Fog
T00494,Storm
T00495,Rain
T00496,Clear
T00497,Fog
T00498,Rain
T00499,Rain
T00500,Storm
T00501,Storm
T00502,Snow
T00503,Cloudy
T00504,Rain
T00505,Cloudy
T00506,Cloudy
T00507,Fog
T00508,Storm
T00509,Storm
T00510,Rain
T00511,Cloudy
T00512,Fog
T00513,Rain
T00514,Storm
T00515,Fog
T00516,Rain
T00517,Clear
T00518,Fog
T00519,Snow
T00520,Storm
T00521,Storm
T00522,Clear
T00523,Rain
T00524,Snow
T00525,Snow
T00526,Storm
T00527,Rain
T00528,Rain
T00529,Snow
T00530,Rain
T00531,Fog
T00532,Snow
T00533,Clear
T00534,Rain
T00535,Snow
T00536,Snow
T00537,Fog
T00538,Cloudy
T00539,Snow
T00540,Snow
T00541,Rain
T00542,Cloudy
T00543,Fog
T00544,Cloudy
T00545,Clear
T00546,Snow
T00547,Rain
T00548,Storm
T00549,Cloudy
T00550,Storm
T00551,Fog
T00552,Snow
T00553,Storm
T00554,Fog
T00555,Rain
T00556,Cloudy
T00557,Fog
T00558,Fog
T00559,Cloudy
T00560,Storm
T00561,Snow
T00562,Clear
T00563,Clear
T00564,Cloudy
T00565,Storm
T00566,Cloudy
T00567,Rain
T00568,Fog
T00569,Fog
T00570,Clear
T00571,Snow
T00572,Cloudy
T00573,Fog
T00574,Snow
T00575,Clear
T00576,Cloudy
T00577,Snow
T00578,Clear
T00579,Rain
T00580,Fog
T00581,Clear
T00582,Storm
T00583,Storm
T00584,Rain
T00585,Rain
T00586,Cloudy
T00587,Storm
T00588,Storm
T00589,Clear
T00590,Snow
T00591,Snow
T00592,Clear
T00593,Snow
T00594,Storm
T00595,Clear
T00596,Snow
T00597,Snow
T00598,Cloudy
T00599,Fog
T00600,Clear
T00601,Clear
T00602,Fog
T00603,Rain
T00604,Rain
T00605,Snow
T00606,Rain
T00607,Fog
T00608,Fog
T00609,Storm
T00610,Fog
T00611,Cloudy
T00612,Clear
T00613,Rain
T00614,Snow
T00615,Fog
T00616,Snow
T00617,Fog
T00618,Clear
T00619,Fog
T00620,Snow
T00621,Cloudy
T00622,Fog
T00623,Cloudy
T00624,Rain
T00625,Storm
T00626,Rain
T00627,Clear
T00628,Rain
T00629,Rain
T00630,Snow
T00631,Fog
T00632,Rain
T00633,Storm
T00634,Fog
T00635,Clear
T00636,Snow
T00637,Snow
T00638,Rain
T00639,Storm
T00640,Cloudy
T00641,Snow
T00642,Rain
T00643,Cloudy
T00644,Fog
T00645,Storm
T00646,Storm
T00647,Clear
T00648,Snow
T00649,Fog
T00650,Storm
T00651,Snow
T00652,Snow
T00653,Storm
T00654,Cloudy
T00655,Clear
T00656,Cloudy
T00657,Rain
T00658,Storm
T00659,Cloudy
T00660,Cloudy
T00661,Storm
T00662,Cloudy
T00663,Cloudy
T00664,Storm
T00665,Clear
T00666,Storm
T00667,Storm
T00668,Clear
T00669,Rain
T00670,Cloudy
T00671,Rain
T00672,Clear
T00673,Fog
T00674,Storm
T00675,Snow
T00676,Rain
T00677,Rain
T00678,Rain
T00679,Rain
T00680,Clear
T00681,Storm
T00682,Cloudy
T00683,Storm
T00684,Cloudy
T00685,Fog
T00686,Clear
T00687,Cloudy
T00688,Clear
T00689,Storm
T00690,Fog
T00691,Clear
T00692,Rain
T00693,Fog
T00694,Clear
T00695,Rain
T00696,Fog
T00697,Storm
T00698,Storm
T00699,Fog
T00700,Rain
T00701,Storm
T00702,Clear
T00703,Snow
T00704,Fog
T00705,Storm
T00706,Storm
T00707,Storm
T00708,Rain
T00709,Fog
T00710,Fog
T00711,Rain
T00712,Storm
T00713,Snow
T00714,Fog
T00715,Storm
T00716,Clear
T00717,Storm
T00718,Fog
T00719,Clear
T00720,Cloudy
T00721,Fog
T00722,Cloudy
T00723,Storm
T00724,Clear
T00725,Cloudy
T00726,Fog
T00727,Cloudy
T00728,Storm
T00729,Snow
T00730,Snow
T00731,Cloudy
T00732,Rain
T00733,Rain
T00734,Snow
T00735,Rain
T00736,Rain
T00737,Storm
T00738,Rain
T00739,Clear
T00740,Rain
T00741,Snow
T00742,Storm
T00743,Rain
T00744,Snow
T00745,Clear
T00746,Snow
T00747,Fog
T00748,Clear
T00749,Storm
T00750,Fog
T00751,Rain
T00752,Clear
T00753,Storm
T00754,Snow
T00755,Cloudy
T00756,Clear
T00757,Fog
T00758,Rain
T00759,Storm
T00760,Rain
T00761,Storm
T00762,Cloudy
T00763,Rain
T00764,Cloudy
T00765,Rain
T00766,Snow
T00767,Snow
T00768,Storm
T00769,Fog
T00770,Rain
T00771,Clear
T00772,Rain
T00773,Fog
T00774,Rain
T00775,Snow
T00776,Snow
T00777,Clear
T00778,Rain
T00779,Storm
T00780,Clear
T00781,Storm
T00782,Fog
T00783,Storm
T00784,Storm
T00785,Snow
T00786,Cloudy
T00787,Clear
T00788,Snow
T00789,Storm
T00790,Storm
T00791,Storm
T00792,Storm
T00793,Cloudy
T00794,Clear
T00795,Clear
T00796,Fog
T00797,Storm
T00798,Rain
T00799,Rain
T00800,Cloudy
T00801,Fog
T00802,Storm
T00803,Fog
T00804,Cloudy
T00805,Snow
T00806,Rain
T00807,Fog
T00808,Snow
T00809,Snow
T00810,Cloudy
T00811,Cloudy
T00812,Clear
T00813,Fog
T00814,Fog
T00815,Cloudy
T00816,Cloudy
T00817,Snow
T00818,Snow
T00819,Clear
T00820,Clear
T00821,Storm
T00822,Clear
T00823,Fog
T00824,Cloudy
T00825,Storm
T00826,Snow
T00827,Storm
T00828,Rain
T00829,Cloudy
T00830,Fog
T00831,Storm
T00832,Cloudy
T00833,Storm
T00834,Snow
T00835,Storm
T00836,Fog
T00837,Cloudy
T00838,Cloudy
T00839,Snow
T00840,Clear
T00841,Storm
T00842,Cloudy
T00843,Snow
T00844,Rain
T00845,Cloudy
T00846,Snow
T00847,Clear
T00848,Snow
T00849,Cloudy
T00850,Clear
T00851,Clear
T00852,Cloudy
T00853,Cloudy
T00854,Rain
T00855,Fog
T00856,Rain
T00857,Fog
T00858,Snow
T00859,Cloudy
T00860,Clear
T00861,Cloudy
T00862,Storm
T00863,Rain
T00864,Cloudy
T00865,Cloudy
T00866,Snow
T00867,Fog
T00868,Fog
T00869,Rain
T00870,Storm
T00871,Storm
T00872,Clear
T00873,Snow
T00874,Cloudy
T00875,Clear
T00876,Cloudy
T00877,Clear
T00878,Storm
T00879,Clear
T00880,Fog
T00881,Snow
T00882,Clear
T00883,Fog
T00884,Clear
T00885,Cloudy
T00886,Rain
T00887,Rain
T00888,Cloudy
T00889,Snow
T00890,Snow
T00891,Fog
T00892,Fog
T00893,Snow
T00894,Fog
T00895,Clear
T00896,Cloudy
T00897,Storm
T00898,Clear
T00899,Storm
T00900,Cloudy
T00901,Cloudy
T00902,Snow
T00903,Clear
T00904,Cloudy
T00905,Storm
T00906,Snow
T00907,Clear
T00908,Clear
T00909,Clear
T00910,Storm
T00911,Rain
T00912,Fog
T00913,Storm
T00914,Snow
T00915,Clear
T00916,Cloudy
T00917,Rain
T00918,Snow
T00919,Rain
T00920,Clear
T00921,Rain
T00922,Cloudy
T00923,Storm
T00924,Clear
T00925,Clear
T00926,Rain
T00927,Rain
T00928,Clear
T00929,Cloudy
T00930,Snow
T00931,Rain
T00932,Cloudy
T00933,Rain
T00934,Clear
T00935,Snow
T00936,Storm
T00937,Cloudy
T00938,Rain
T00939,Rain
T00940,Snow
T00941,Rain
T00942,Fog
T00943,Rain
T00944,Snow
T00945,Cloudy
T00946,Fog
T00947,Storm
T00948,Cloudy
T00949,Snow
T00950,Fog
T00951,Snow
T00952,Fog
T00953,Cloudy
T00954,Snow
T00955,Fog
T00956,Fog
T00957,Snow
T00958,Rain
T00959,Snow
T00960,Cloudy
T00961,Cloudy
T00962,Storm
T00963,Fog
T00964,Fog
T00965,Rain
T00966,Storm
T00967,Storm
T00968,Fog
T00969,Snow
T00970,Clear
T00971,Fog
T00972,Snow
T00973,Rain
T00974,Fog
T00975,Fog
T00976,Rain
T00977,Snow
T00978,Rain
T00979,Cloudy
T00980,Cloudy
T00981,Storm
T00982,Fog
T00983,Snow
T00984,Clear
T00985,Cloudy
T00986,Fog
T00987,Cloudy
T00988,Clear
T00989,Storm
T00990,Cloudy
T00991,Snow
T00992,Snow
T00993,Storm
T00994,Rain
T00995,Cloudy
T00996,Rain
T00997,Snow
T00998,Cloudy
T00999,Rain
T01000,Fog
T01001,Storm
T01002,Fog
T01003,Snow
T01004,Fog
T01005,Rain
T01006,Clear
T01007,Fog
T01008,Fog
T01009,Fog
T01010,Fog
T01011,Cloudy
T01012,Cloudy
T01013,Cloudy
T01014,Fog
T01015,Fog
T01016,Storm
T01017,Storm
T01018,Clear
T01019,Storm
T01020,Snow
T01021,Cloudy
T01022,Rain
T01023,Clear
T01024,Snow
T01025,Snow
T01026,Cloudy
T01027,Cloudy
T01028,Clear
T01029,Rain
T01030,Rain
T01031,Storm
T01032,Snow
T01033,Fog
T01034,Snow
T01035,Cloudy
T01036,Rain
T01037,Snow
T01038,Storm
T01039,Fog
T01040,Snow
T01041,Storm
T01042,Rain
T01043,Storm
T01044,Snow
T01045,Snow
T01046,Storm
T01047,Cloudy
T01048,Rain
T01049,Cloudy
T01050,Rain
T01051,Clear
T01052,Clear
T01053,Fog
T01054,Snow
T01055,Cloudy
T01056,Snow
T01057,Rain
T01058,Clear
T01059,Snow
T01060,Snow
T01061,Clear
T01062,Cloudy
T01063,Snow
T01064,Snow
T01065,Fog
T01066,Clear
T01067,Snow
T01068,Rain
T01069,Fog
T01070,Snow
T01071,Storm
T01072,Cloudy
T01073,Cloudy
T01074,Fog
T01075,Cloudy
T01076,Clear
T01077,Rain
T01078,Cloudy
T01079,Clear
T01080,Storm
T01081,Snow
T01082,Rain
T01083,Storm
T01084,Rain
T01085,Cloudy
T01086,Cloudy
T01087,Clear
T01088,Rain
T01089,Storm
T01090,Snow
T01091,Clear
T01092,Clear
T01093,Clear
T01094,Rain
T01095,Fog
T01096,Clear
T01097,Storm
T01098,Rain
T01099,Cloudy
T01100,Rain
T01101,Snow
T01102,Rain
T01103,Cloudy
T01104,Fog
T01105,Storm
T01106,Snow
T01107,Clear
T01108,Snow
T01109,Rain
T01110,Snow
T01111,Cloudy
T01112,Clear
T01113,Fog
T01114,Rain
T01115,Clear
T01116,Rain
T01117,Storm
T01118,Rain
T01119,Storm
T01120,Cloudy
T01121,Clear
T01122,Clear
T01123,Cloudy
T01124,Snow
T01125,Cloudy
T01126,Snow
T01127,Clear
T01128,Storm
T01129,Cloudy
T01130,Fog
T01131,Rain
T01132,Clear
T01133,Rain
T01134,Rain
T01135,Fog
T01136,Cloudy
T01137,Cloudy
T01138,Fog
T01139,Rain
T01140,Clear
T01141,Snow
T01142,Rain
T01143,Cloudy
T01144,Cloudy
T01145,Clear
T01146,Snow
T01147,Clear
T01148,Cloudy
T01149,Storm
T01150,Snow
T01151,Rain
T01152,Fog
T01153,Rain
T01154,Clear
T01155,Storm
T01156,Cloudy
T01157,Fog
T01158,Cloudy
T01159,Rain
T01160,Cloudy
T01161,Snow
T01162,Cloudy
T01163,Clear
T01164,Fog
T01165,Rain
T01166,Fog
T01167,Snow
T01168,Fog
T01169,Clear
T01170,Cloudy
T01171,Snow
T01172,Storm
T01173,Clear
T01174,Snow
T01175,Rain
T01176,Clear
T01177,Snow
T01178,Fog
T01179,Rain
T01180,Rain
T01181,Storm
T01182,Snow
T01183,Storm
T01184,Rain
T01185,Cloudy
T01186,Snow
T01187,Clear
T01188,Fog
T01189,Storm
T01190,Rain
T01191,Storm
T01192,Rain
T01193,Rain
T01194,Cloudy
T01195,Cloudy
T01196,Snow
T01197,Fog
T01198,Cloudy
T01199,Snow
T01200,Storm
T01201,Rain
T01202,Storm
T01203,Rain
T01204,Clear
T01205,Cloudy
T01206,Clear
T01207,Cloudy
T01208,Rain
T01209,Storm
T01210,Clear
T01211,Rain
T01212,Snow
T01213,Rain
T01214,Cloudy
T01215,Snow
T01216,Cloudy
T01217,Storm
T01218,Snow
T01219,Rain
T01220,Cloudy
T01221,Snow
T01222,Storm
T01223,Rain
T01224,Snow
T01225,Fog
T01226,Clear
T01227,Cloudy
T01228,Snow
T01229,Rain
T01230,Cloudy
T01231,Rain
T01232,Clear
T01233,Snow
T01234,Fog
T01235,Storm
T01236,Fog
T01237,Snow
T01238,Clear
T01239,Clear
T01240,Clear
T01241,Fog
T01242,Storm
T01243,Storm
T01244,Fog
T01245,Fog
T01246,Rain
T01247,Snow
T01248,Snow
T01249,Rain
T01250,Clear
T01251,Fog
T01252,Clear
T01253,Snow
T01254,Cloudy
T01255,Cloudy
T01256,Fog
T01257,Fog
T01258,Snow
T01259,Storm
T01260,Fog
T01261,Clear
T01262,Rain
T01263,Clear
T01264,Clear
T01265,Storm
T01266,Storm
T01267,Storm
T01268,Fog
T01269,Rain
T01270,Snow
T01271,Storm
T01272,Storm
T01273,Fog
T01274,Cloudy
T01275,Clear
T01276,Snow
T01277,Rain
T01278,Fog
T01279,Rain
T01280,Fog
T01281,Snow
T01282,Fog
T01283,Cloudy
T01284,Clear
T01285,Clear
T01286,Storm
T01287,Fog
T01288,Storm
T01289,Rain
T01290,Storm
T01291,Clear
T01292,Cloudy
T01293,Rain
T01294,Rain
T01295,Fog
T01296,Clear
T01297,Rain
T01298,Rain
T01299,Storm
T01300,Fog
T01301,Fog
T01302,Rain
T01303,Cloudy
T01304,Storm
T01305,Storm
T01306,Cloudy
T01307,Clear
T01308,Clear
T01309,Rain
T01310,Fog
T01311,Clear
T01312,Storm
T01313,Fog
T01314,Rain
T01315,Snow
T01316,Fog
T01317,Storm
T01318,Cloudy
T01319,Cloudy
T01320,Storm
T01321,Fog
T01322,Storm
T01323,Rain
T01324,Snow
T01325,Fog
T01326,Rain
T01327,Snow
T01328,Storm
T01329,Snow
T01330,Snow
T01331,Rain
T01332,Clear
T01333,Rain
T01334,Snow
T01335,Cloudy
T01336,Cloudy
T01337,Snow
T01338,Snow
T01339,Rain
T01340,Fog
T01341,Snow
T01342,Snow
T01343,Storm
T01344,Snow
T01345,Cloudy
T01346,Storm
T01347,Fog
T01348,Snow
T01349,Cloudy
T01350,Clear
T01351,Snow
T01352,Rain
T01353,Rain
T01354,Clear
T01355,Storm
T01356,Cloudy
T01357,Snow
T01358,Fog
T01359,Cloudy
T01360,Fog
T01361,Snow
T01362,Rain
T01363,Snow
T01364,Rain
T01365,Cloudy
T01366,Storm
T01367,Fog
T01368,Clear
T01369,Snow
T01370,Rain
T01371,Clear
T01372,Snow
T01373,Rain
T01374,Fog
T01375,Cloudy
T01376,Rain
T01377,Storm
T01378,Snow
T01379,Fog
T01380,Fog
T01381,Snow
T01382,Clear
T01383,Clear
T01384,Clear
T01385,Storm
T01386,Clear
T01387,Clear
T01388,Fog
T01389,Storm
T01390,Cloudy
T01391,Snow
T01392,Snow
T01393,Rain
T01394,Cloudy
T01395,Snow
T01396,Clear
T01397,Cloudy
T01398,Rain
T01399,Rain
T01400,Cloudy
T01401,Cloudy
T01402,Cloudy
T01403,Clear
T01404,Fog
T01405,Storm
T01406,Clear
T01407,Fog
T01408,Clear
T01409,Clear
T01410,Snow
T01411,Clear
T01412,Cloudy
T01413,Rain
T01414,Rain
T01415,Rain
T01416,Fog
T01417,Fog
T01418,Fog
T01419,Cloudy
T01420,Cloudy
T01421,Storm
T01422,Fog
T01423,Rain
T01424,Snow
T01425,Cloudy
T01426,Fog
T01427,Rain
T01428,Snow
T01429,Snow
T01430,Cloudy
T01431,Storm
T01432,Clear
T01433,Cloudy
T01434,Snow
T01435,Storm
T01436,Snow
T01437,Fog
T01438,Cloudy
T01439,Cloudy
T01440,Storm
T01441,Fog
T01442,Fog
T01443,Clear
T01444,Rain
T01445,Snow
T01446,Fog
T01447,Clear
T01448,Storm
T01449,Storm
T01450,Snow
T01451,Clear
T01452,Fog
T01453,Storm
T01454,Snow
T01455,Clear
T01456,Clear
T01457,Snow
T01458,Storm
T01459,Clear
T01460,Snow
T01461,Clear
T01462,Cloudy
T01463,Fog
T01464,Rain
T01465,Snow
T01466,Clear
T01467,Snow
T01468,Fog
T01469,Clear
T01470,Storm
T01471,Cloudy
T01472,Snow
T01473,Fog
T01474,Rain
T01475,Storm
T01476,Fog
T01477,Cloudy
T01478,Snow
T01479,Snow
T01480,Snow
T01481,Cloudy
T01482,Rain
T01483,Snow
T01484,Cloudy
T01485,Snow
T01486,Rain
T01487,Storm
T01488,Snow
T01489,Fog
T01490,Clear
T01491,Clear
T01492,Rain
T01493,Snow
T01494,Clear
T01495,Storm
T01496,Fog
T01497,Snow
T01498,Cloudy
T01499,Fog
T01500,Snow
T01501,Clear
T01502,Snow
T01503,Clear
T01504,Storm
T01505,Cloudy
T01506,Snow
T01507,Snow
T01508,Snow
T01509,Cloudy
T01510,Cloudy
T01511,Fog
T01512,Storm
T01513,Storm
T01514,Rain
T01515,Cloudy
T01516,Rain
T01517,Snow
T01518,Fog
T01519,Rain
T01520,Storm
T01521,Clear
T01522,Fog
T01523,Clear
T01524,Cloudy
T01525,Rain
T01526,Storm
T01527,Snow
T01528,Rain
T01529,Snow
T01530,Clear
T01531,Clear
T01532,Snow
T01533,Storm
T01534,Storm
T01535,Rain
T01536,Storm
T01537,Storm
T01538,Clear
T01539,Cloudy
T01540,Clear
T01541,Snow
T01542,Clear
T01543,Clear
T01544,Clear
T01545,Cloudy
T01546,Clear
T01547,Rain
T01548,Snow
T01549,Clear
T01550,Storm
T01551,Storm
T01552,Clear
T01553,Storm
T01554,Snow
T01555,Rain
T01556,Fog
T01557,Fog
T01558,Cloudy
T01559,Storm
T01560,Rain
T01561,Rain
T01562,Storm
T01563,Clear
T01564,Storm
T01565,Cloudy
T01566,Snow
T01567,Snow
T01568,Cloudy
T01569,Rain
T01570,Snow
T01571,Clear
T01572,Snow
T01573,Snow
T01574,Cloudy
T01575,Rain
T01576,Snow
T01577,Storm
T01578,Fog
T01579,Snow
T01580,Cloudy
T01581,Rain
T01582,Rain
T01583,Snow
T01584,Rain
T01585,Rain
T01586,Rain
T01587,Storm
T01588,Storm
T01589,Cloudy
T01590,Snow
T01591,Clear
T01592,Clear
T01593,Fog
T01594,Clear
T01595,Storm
T01596,Cloudy
T01597,Storm
T01598,Fog
T01599,Fog
T01600,Snow
T01601,Cloudy
T01602,Fog
T01603,Storm
T01604,Snow
T01605,Cloudy
T01606,Clear
T01607,Clear
T01608,Rain
T01609,Fog
T01610,Rain
T01611,Snow
T01612,Snow
T01613,Storm
T01614,Fog
T01615,Clear
T01616,Cloudy
T01617,Rain
T01618,Storm
T01619,Cloudy
T01620,Clear
T01621,Cloudy
T01622,Rain
T01623,Clear
T01624,Rain
T01625,Snow
T01626,Storm
T01627,Fog
T01628,Cloudy
T01629,Cloudy
T01630,Storm
T01631,Rain
T01632,Storm
T01633,Snow
T01634,Rain
T01635,Storm
T01636,Cloudy
T01637,Cloudy
T01638,Cloudy
T01639,Rain
T01640,Rain
T01641,Clear
T01642,Cloudy
T01643,Storm
T01644,Fog
T01645,Clear
T01646,Storm
T01647,Storm
T01648,Fog
T01649,Storm
T01650,Snow
T01651,Fog
T01652,Storm
T01653,Fog
T01654,Storm
T01655,Snow
T01656,Cloudy
T01657,Cloudy
T01658,Storm
T01659,Cloudy
T01660,Clear
T01661,Storm
T01662,Cloudy
T01663,Rain
T01664,Snow
T01665,Storm
T01666,Storm
T01667,Cloudy
T01668,Storm
T01669,Storm
T01670,Rain
T01671,Snow
T01672,Snow
T01673,Fog
T01674,Clear
T01675,Rain
T01676,Snow
T01677,Cloudy
T01678,Clear
T01679,Storm
T01680,Rain
T01681,Storm
T01682,Fog
T01683,Rain
T01684,Cloudy
T01685,Clear
T01686,Storm
T01687,Storm
T01688,Cloudy
T01689,Clear
T01690,Clear
T01691,Fog
T01692,Fog
T01693,Clear
T01694,Clear
T01695,Storm
T01696,Rain
T01697,Fog
T01698,Rain
T01699,Clear
T01700,Rain
T01701,Storm
T01702,Storm
T01703,Fog
T01704,Cloudy
T01705,Fog
T01706,Storm
T01707,Clear
T01708,Snow
T01709,Snow
T01710,Rain
T01711,Snow
T01712,Rain
T01713,Snow
T01714,Storm
T01715,Rain
T01716,Cloudy
T01717,Cloudy
T01718,Cloudy
T01719,Rain
T01720,Cloudy
T01721,Cloudy
T01722,Clear
T01723,Storm
T01724,Fog
T01725,Fog
T01726,Cloudy
T01727,Fog
T01728,Clear
T01729,Storm
T01730,Fog
T01731,Cloudy
T01732,Storm
T01733,Clear
T01734,Fog
T01735,Rain
T01736,Storm
T01737,Fog
T01738,Cloudy
T01739,Fog
T01740,Fog
T01741,Storm
T01742,Cloudy
T01743,Rain
T01744,Fog
T01745,Cloudy
T01746,Fog
T01747,Fog
T01748,Snow
T01749,Rain
T01750,Rain
T01751,Fog
T01752,Clear
T01753,Snow
T01754,Rain
T01755,Storm
T01756,Clear
T01757,Snow
T01758,Storm
T01759,Cloudy
T01760,Rain
T01761,Snow
T01762,Storm
T01763,Cloudy
T01764,Rain
T01765,Storm
T01766,Cloudy
T01767,Rain
T01768,Rain
T01769,Rain
T01770,Storm
T01771,Cloudy
T01772,Snow
T01773,Snow
T01774,Cloudy
T01775,Clear
T01776,Clear
T01777,Clear
T01778,Cloudy
T01779,Fog
T01780,Snow
T01781,Cloudy
T01782,Cloudy
T01783,Rain
T01784,Fog
T01785,Rain
T01786,Snow
T01787,Storm
T01788,Snow
T01789,Snow
T01790,Rain
T01791,Clear
T01792,Fog
T01793,Clear
T01794,Cloudy
T01795,Storm
T01796,Fog
T01797,Clear
T01798,Rain
T01799,Clear
T01800,Fog
T01801,Cloudy
T01802,Snow
T01803,Rain
T01804,Cloudy
T01805,Snow
T01806,Snow
T01807,Rain
T01808,Clear
T01809,Clear
T01810,Fog
T01811,Fog
T01812,Cloudy
T01813,Cloudy
T01814,Cloudy
T01815,Clear
T01816,Clear
T01817,Fog
T01818,Fog
T01819,Clear
T01820,Rain
T01821,Storm
T01822,Rain
T01823,Clear
T01824,Fog
T01825,Snow
T01826,Snow
T01827,Snow
T01828,Snow
T01829,Snow
T01830,Storm
T01831,Fog
T01832,Rain
T01833,Clear
T01834,Rain
T01835,Rain
T01836,Cloudy
T01837,Snow
T01838,Cloudy
T01839,Cloudy
T01840,Storm
T01841,Clear
T01842,Snow
T01843,Fog
T01844,Snow
T01845,Fog
T01846,Snow
T01847,Cloudy
T01848,Snow
T01849,Storm
T01850,Storm
T01851,Rain
T01852,Storm
T01853,Clear
T01854,Rain
T01855,Rain
T01856,Snow
T01857,Cloudy
T01858,Rain
T01859,Rain
T01860,Storm
T01861,Storm
T01862,Storm
T01863,Rain
T01864,Clear
T01865,Clear
T01866,Clear
T01867,Cloudy
T01868,Snow
T01869,Fog
T01870,Storm
T01871,Cloudy
T01872,Clear
T01873,Clear
T01874,Rain
T01875,Fog
T01876,Snow
T01877,Storm
T01878,Rain
T01879,Clear
T01880,Storm
T01881,Storm
T01882,Snow
T01883,Storm
T01884,Snow
T01885,Fog
T01886,Clear
T01887,Fog
T01888,Cloudy
T01889,Rain
T01890,Rain
T01891,Snow
T01892,Storm
T01893,Storm
T01894,Fog
T01895,Snow
T01896,Clear
T01897,Rain
T01898,Cloudy
T01899,Snow
T01900,Storm
T01901,Storm
T01902,Fog
T01903,Rain
T01904,Cloudy
T01905,Storm
T01906,Cloudy
T01907,Rain
T01908,Fog
T01909,Storm
T01910,Snow
T01911,Storm
T01912,Clear
T01913,Fog
T01914,Cloudy
T01915,Storm
T01916,Snow
T01917,Storm
T01918,Storm
T01919,Snow
T01920,Snow
T01921,Storm
T01922,Cloudy
T01923,Fog
T01924,Clear
T01925,Clear
T01926,Clear
T01927,Snow
T01928,Storm
T01929,Snow
T01930,Storm
T01931,Cloudy
T01932,Fog
T01933,Storm
T01934,Fog
T01935,Cloudy
T01936,Snow
T01937,Rain
T01938,Cloudy
T01939,Cloudy
T01940,Cloudy
T01941,Clear
T01942,Cloudy
T01943,Rain
T01944,Clear
T01945,Clear
T01946,Storm
T01947,Storm
T01948,Fog
T01949,Snow
T01950,Fog
T01951,Clear
T01952,Rain
T01953,Rain
T01954,Clear
T01955,Rain
T01956,Clear
T01957,Snow
T01958,Storm
T01959,Rain
T01960,Clear
T01961,Fog
T01962,Clear
T01963,Rain
T01964,Cloudy
T01965,Rain
T01966,Cloudy
T01967,Clear
T01968,Fog
T01969,Rain
T01970,Fog
T01971,Snow
T01972,Storm
T01973,Cloudy
T01974,Cloudy
T01975,Storm
T01976,Cloudy
T01977,Storm
T01978,Cloudy
T01979,Snow
T01980,Cloudy
T01981,Storm
T01982,Storm
T01983,Cloudy
T01984,Clear
T01985,Fog
T01986,Snow
T01987,Snow
T01988,Cloudy
T01989,Clear
T01990,Rain
T01991,Cloudy
T01992,Snow
T01993,Snow
T01994,Storm
T01995,Snow
T01996,Fog
T01997,Cloudy
T01998,Fog
T01999,Rain
T02000,Snow
T02001,Cloudy
T02002,Snow
T02003,Cloudy
T02004,Clear
T02005,Fog
T02006,Storm
T02007,Storm
T02008,Snow
T02009,Clear
T02010,Clear
T02011,Fog
T02012,Fog
T02013,Cloudy
T02014,Rain
T02015,Cloudy
T02016,Clear
T02017,Cloudy
T02018,Clear
T02019,Cloudy
T02020,Snow
T02021,Fog
T02022,Cloudy
T02023,Snow
T02024,Rain
T02025,Snow
T02026,Snow
T02027,Snow
T02028,Clear
T02029,Snow
T02030,Cloudy
T02031,Clear
T02032,Rain
T02033,Cloudy
T02034,Snow
T02035,Rain
T02036,Snow
T02037,Cloudy
T02038,Rain
T02039,Fog
T02040,Fog
T02041,Snow
T02042,Fog
T02043,Clear
T02044,Storm
T02045,Cloudy
T02046,Clear
T02047,Cloudy
T02048,Storm
T02049,Rain
T02050,Fog
T02051,Rain
T02052,Snow
T02053,Storm
T02054,Storm
T02055,Rain
T02056,Fog
T02057,Fog
T02058,Rain
T02059,Snow
T02060,Storm
T02061,Snow
T02062,Clear
T02063,Storm
T02064,Snow
T02065,Fog
T02066,Storm
T02067,Cloudy
T02068,Storm
T02069,Fog
T02070,Storm
T02071,Cloudy
T02072,Fog
T02073,Cloudy
T02074,Fog
T02075,Storm
T02076,Clear
T02077,Rain
T02078,Rain
T02079,Clear
T02080,Rain
T02081,Storm
T02082,Rain
T02083,Snow
T02084,Clear
T02085,Cloudy
T02086,Storm
T02087,Fog
T02088,Storm
T02089,Snow
T02090,Clear
T02091,Rain
T02092,Cloudy
T02093,Fog
T02094,Cloudy
T02095,Cloudy
T02096,Rain
T02097,Clear
T02098,Fog
T02099,Rain
T02100,Cloudy
T02101,Clear
T02102,Clear
T02103,Fog
T02104,Rain
T02105,Storm
T02106,Clear
T02107,Cloudy
T02108,Fog
T02109,Storm
T02110,Clear
T02111,Clear
T02112,Clear
T02113,Snow
T02114,Storm
T02115,Cloudy
T02116,Rain
T02117,Fog
T02118,Cloudy
T02119,Clear
T02120,Clear
T02121,Storm
T02122,Snow
T02123,Cloudy
T02124,Storm
T02125,Clear
T02126,Snow
T02127,Clear
T02128,Cloudy
T02129,Storm
T02130,Fog
T02131,Rain
T02132,Snow
T02133,Fog
T02134,Snow
T02135,Rain
T02136,Fog
T02137,Cloudy
T02138,Rain
T02139,Snow
T02140,Fog
T02141,Clear
T02142,Cloudy
T02143,Storm
T02144,Fog
T02145,Clear
T02146,Clear
T02147,Fog
T02148,Cloudy
T02149,Cloudy
T02150,Rain
T02151,Fog
T02152,Rain
T02153,Cloudy
T02154,Snow
T02155,Fog
T02156,Fog
T02157,Fog
T02158,Clear
T02159,Storm
T02160,Fog
T02161,Clear
T02162,Storm
T02163,Clear
T02164,Cloudy
T02165,Fog
T02166,Cloudy
T02167,Rain
T02168,Snow
T02169,Rain
T02170,Storm
T02171,Cloudy
T02172,Rain
T02173,Snow
T02174,Rain
T02175,Fog
T02176,Snow
T02177,Fog
T02178,Cloudy
T02179,Cloudy
T02180,Rain
T02181,Rain
T02182,Cloudy
T02183,Clear
T02184,Fog
T02185,Clear
T02186,Fog
T02187,Snow
T02188,Cloudy
T02189,Storm
T02190,Rain
T02191,Storm
T02192,Snow
T02193,Rain
T02194,Rain
T02195,Fog
T02196,Storm
T02197,Cloudy
T02198,Rain
T02199,Storm
T02200,Fog
T02201,Snow
T02202,Storm
T02203,Storm
T02204,Clear
T02205,Fog
T02206,Fog
T02207,Cloudy
T02208,Storm
T02209,Storm
T02210,Fog
T02211,Clear
T02212,Snow
T02213,Fog
T02214,Clear
T02215,Cloudy
T02216,Rain
T02217,Storm
T02218,Cloudy
T02219,Cloudy
T02220,Fog
T02221,Clear
T02222,Storm
T02223,Fog
T02224,Fog
T02225,Snow
T02226,Storm
T02227,Snow
T02228,Cloudy
T02229,Rain
T02230,Storm
T02231,Snow
T02232,Cloudy
T02233,Rain
T02234,Snow
T02235,Clear
T02236,Rain
T02237,Snow
T02238,Rain
T02239,Snow
T02240,Snow
T02241,Snow
T02242,Rain
T02243,Rain
T02244,Clear
T02245,Fog
T02246,Snow
T02247,Snow
T02248,Clear
T02249,Clear
T02250,Cloudy
T02251,Snow
T02252,Storm
T02253,Snow
T02254,Clear
T02255,Rain
T02256,Clear
T02257,Rain
T02258,Snow
T02259,Cloudy
T02260,Clear
T02261,Clear
T02262,Fog
T02263,Cloudy
T02264,Snow
T02265,Storm
T02266,Storm
T02267,Fog
T02268,Clear
T02269,Snow
T02270,Fog
T02271,Clear
T02272,Rain
T02273,Fog
T02274,Snow
T02275,Fog
T02276,Clear
T02277,Fog
T02278,Storm
T02279,Snow
T02280,Snow
T02281,Storm
T02282,Fog
T02283,Cloudy
T02284,Fog
T02285,Snow
T02286,Snow
T02287,Snow
T02288,Cloudy
T02289,Snow
T02290,Fog
T02291,Rain
T02292,Fog
T02293,Clear
T02294,Fog
T02295,Snow
T02296,Snow
T02297,Snow
T02298,Clear
T02299,Fog
T02300,Storm
T02301,Snow
T02302,Snow
T02303,Clear
T02304,Storm
T02305,Fog
T02306,Clear
T02307,Rain
T02308,Fog
T02309,Storm
T02310,Cloudy
T02311,Cloudy
T02312,Rain
T02313,Snow
T02314,Fog
T02315,Cloudy
T02316,Fog
T02317,Fog
T02318,Cloudy
T02319,Storm
T02320,Fog
T02321,Cloudy
T02322,Fog
T02323,Storm
T02324,Cloudy
T02325,Clear
T02326,Fog
T02327,Cloudy
T02328,Storm
T02329,Cloudy
T02330,Cloudy
T02331,Clear
T02332,Fog
T02333,Snow
T02334,Rain
T02335,Rain
T02336,Fog
T02337,Clear
T02338,Clear
T02339,Clear
T02340,Storm
T02341,Cloudy
T02342,Rain
T02343,Cloudy
T02344,Fog
T02345,Cloudy
T02346,Fog
T02347,Cloudy
T02348,Fog
T02349,Snow
T02350,Rain
T02351,Clear
T02352,Rain
T02353,Fog
T02354,Rain
T02355,Cloudy
T02356,Cloudy
T02357,Cloudy
T02358,Storm
T02359,Fog
T02360,Clear
T02361,Cloudy
T02362,Storm
T02363,Storm
T02364,Clear
T02365,Storm
T02366,Fog
T02367,Clear
T02368,Clear
T02369,Snow
T02370,Rain
T02371,Clear
T02372,Rain
T02373,Storm
T02374,Fog
T02375,Snow
T02376,Rain
T02377,Snow
T02378,Fog
T02379,Clear
T02380,Rain
T02381,Storm
T02382,Snow
T02383,Rain
T02384,Snow
T02385,Fog
T02386,Clear
T02387,Snow
T02388,Storm
T02389,Rain
T02390,Snow
T02391,Storm
T02392,Snow
T02393,Rain
T02394,Fog
T02395,Rain
T02396,Storm
T02397,Snow
T02398,Storm
T02399,Rain
T02400,Clear
T02401,Clear
T02402,Clear
T02403,Clear
T02404,Cloudy
T02405,Snow
T02406,Snow
T02407,Rain
T02408,Snow
T02409,Clear
T02410,Storm
T02411,Storm
T02412,Rain
T02413,Snow
T02414,Fog
T02415,Rain
T02416,Fog
T02417,Clear
T02418,Fog
T02419,Cloudy
T02420,Cloudy
T02421,Snow
T02422,Cloudy
T02423,Storm
T02424,Rain
T02425,Snow
T02426,Rain
T02427,Storm
T02428,Clear
T02429,Fog
T02430,Rain
T02431,Storm
T02432,Snow
T02433,Rain
T02434,Cloudy
T02435,Fog
T02436,Snow
T02437,Snow
T02438,Clear
T02439,Cloudy
T02440,Rain
T02441,Cloudy
T02442,Rain
T02443,Storm
T02444,Snow
T02445,Cloudy
T02446,Storm
T02447,Snow
T02448,Snow
T02449,Fog
T02450,Rain
T02451,Storm
T02452,Fog
T02453,Fog
T02454,Snow
T02455,Fog
T02456,Clear
T02457,Fog
T02458,Clear
T02459,Clear
T02460,Rain
T02461,Fog
T02462,Cloudy
T02463,Fog
T02464,Clear
T02465,Storm
T02466,Snow
T02467,Clear
T02468,Snow
T02469,Clear
T02470,Rain
T02471,Snow
T02472,Clear
T02473,Clear
T02474,Storm
T02475,Rain
T02476,Snow
T02477,Storm
T02478,Rain
T02479,Cloudy
T02480,Snow
T02481,Clear
T02482,Snow
T02483,Rain
T02484,Clear
T02485,Snow
T02486,Cloudy
T02487,Rain
T02488,Rain
T02489,Snow
T02490,Storm
T02491,Cloudy
T02492,Fog
T02493,Cloudy
T02494,Storm
T02495,Storm
T02496,Storm
T02497,Storm
T02498,Fog
T02499,Cloudy
T02500,Rain
T02501,Fog
T02502,Rain
T02503,Clear
T02504,Cloudy
T02505,Snow
T02506,Cloudy
T02507,Snow
T02508,Clear
T02509,Fog
T02510,Clear
T02511,Storm
T02512,Rain
T02513,Snow
T02514,Clear
T02515,Cloudy
T02516,Clear
T02517,Snow
T02518,Rain
T02519,Snow
T02520,Storm
T02521,Storm
T02522,Cloudy
T02523,Cloudy
T02524,Snow
T02525,Storm
T02526,Rain
T02527,Fog
T02528,Rain
T02529,Storm
T02530,Rain
T02531,Storm
T02532,Rain
T02533,Snow
T02534,Fog
T02535,Fog
T02536,Snow
T02537,Storm
T02538,Fog
T02539,Fog
T02540,Clear
T02541,Clear
T02542,Snow
T02543,Cloudy
T02544,Storm
T02545,Cloudy
T02546,Rain
T02547,Fog
T02548,Fog
T02549,Snow
T02550,Rain
T02551,Rain
T02552,Fog
T02553,Cloudy
T02554,Clear
T02555,Cloudy
T02556,Clear
T02557,Clear
T02558,Cloudy
T02559,Rain
T02560,Storm
T02561,Storm
T02562,Fog
T02563,Fog
T02564,Storm
T02565,Clear
T02566,Clear
T02567,Fog
T02568,Clear
T02569,Rain
T02570,Fog
T02571,Fog
T02572,Snow
T02573,Snow
T02574,Fog
T02575,Clear
T02576,Storm
T02577,Rain
T02578,Clear
T02579,Cloudy
T02580,Snow
T02581,Snow
T02582,Fog
T02583,Rain
T02584,Cloudy
T02585,Storm
T02586,Rain
T02587,Clear
T02588,Fog
T02589,Storm
T02590,Snow
T02591,Rain
T02592,Rain
T02593,Fog
T02594,Cloudy
T02595,Snow
T02596,Rain
T02597,Fog
T02598,Storm
T02599,Clear
T02600,Cloudy
T02601,Snow
T02602,Storm
T02603,Storm
T02604,Fog
T02605,Clear
T02606,Rain
T02607,Rain
T02608,Rain
T02609,Snow
T02610,Clear
T02611,Cloudy
T02612,Snow
T02613,Rain
T02614,Storm
T02615,Storm
T02616,Storm
T02617,Cloudy
T02618,Snow
T02619,Fog
T02620,Clear
T02621,Fog
T02622,Cloudy
T02623,Cloudy
T02624,Cloudy
T02625,Rain
T02626,Fog
T02627,Clear
T02628,Cloudy
T02629,Rain
T02630,Snow
T02631,Fog
T02632,Clear
T02633,Clear
T02634,Snow
T02635,Snow
T02636,Clear
T02637,Clear
T02638,Storm
T02639,Fog
T02640,Clear
T02641,Storm
T02642,Snow
T02643,Fog
T02644,Cloudy
T02645,Fog
T02646,Fog
T02647,Clear
T02648,Fog
T02649,Cloudy
T02650,Rain
T02651,Snow
T02652,Snow
T02653,Snow
T02654,Fog
T02655,Rain
T02656,Storm
T02657,Fog
T02658,Fog
T02659,Cloudy
T02660,Cloudy
T02661,Snow
T02662,Clear
T02663,Snow
T02664,Fog
T02665,Cloudy
T02666,Clear
T02667,Snow
T02668,Rain
T02669,Clear
T02670,Snow
T02671,Clear
T02672,Rain
T02673,Clear
T02674,Snow
T02675,Cloudy
T02676,Fog
T02677,Fog
T02678,Rain
T02679,Rain
T02680,Clear
T02681,Fog
T02682,Clear
T02683,Storm
T02684,Clear
T02685,Snow
T02686,Fog
T02687,Rain
T02688,Cloudy
T02689,Snow
T02690,Fog
T02691,Clear
T02692,Cloudy
T02693,Snow
T02694,Fog
T02695,Cloudy
T02696,Snow
T02697,Fog
T02698,Rain
T02699,Fog
T02700,Snow
T02701,Clear
T02702,Rain
T02703,Cloudy
T02704,Fog
T02705,Clear
T02706,Clear
T02707,Rain
T02708,Storm
T02709,Clear
T02710,Storm
T02711,Snow
T02712,Storm
T02713,Rain
T02714,Rain
T02715,Rain
T02716,Cloudy
T02717,Clear
T02718,Rain
T02719,Fog
T02720,Rain
T02721,Cloudy
T02722,Cloudy
T02723,Fog
T02724,Clear
T02725,Fog
T02726,Fog
T02727,Fog
T02728,Snow
T02729,Fog
T02730,Cloudy
T02731,Cloudy
T02732,Cloudy
T02733,Rain
T02734,Cloudy
T02735,Storm
T02736,Clear
T02737,Clear
T02738,Snow
T02739,Rain
T02740,Rain
T02741,Fog
T02742,Fog
T02743,Storm
T02744,Clear
T02745,Rain
T02746,Storm
T02747,Clear
T02748,Rain
T02749,Clear
T02750,Clear
T02751,Cloudy
T02752,Clear
T02753,Fog
T02754,Snow
T02755,Clear
T02756,Fog
T02757,Snow
T02758,Snow
T02759,Cloudy
T02760,Fog
T02761,Storm
T02762,Fog
T02763,Cloudy
T02764,Clear
T02765,Fog
T02766,Snow
T02767,Fog
T02768,Storm
T02769,Fog
T02770,Cloudy
T02771,Rain
T02772,Fog
T02773,Storm
T02774,Clear
T02775,Clear
T02776,Storm
T02777,Rain
T02778,Storm
T02779,Snow
T02780,Cloudy
T02781,Clear
T02782,Rain
T02783,Snow
T02784,Rain
T02785,Cloudy
T02786,Rain
T02787,Fog
T02788,Fog
T02789,Snow
T02790,Fog
T02791,Storm
T02792,Storm
T02793,Snow
T02794,Fog
T02795,Cloudy
T02796,Clear
T02797,Cloudy
T02798,Fog
T02799,Cloudy
T02800,Storm
T02801,Fog
T02802,Clear
T02803,Cloudy
T02804,Fog
T02805,Fog
T02806,Rain
T02807,Rain
T02808,Snow
T02809,Fog
T02810,Snow
T02811,Fog
T02812,Storm
T02813,Snow
T02814,Snow
T02815,Fog
T02816,Clear
T02817,Fog
T02818,Snow
T02819,Fog
T02820,Snow
T02821,Fog
T02822,Storm
T02823,Storm
T02824,Fog
T02825,Snow
T02826,Snow
T02827,Fog
T02828,Cloudy
T02829,Clear
T02830,Cloudy
T02831,Fog
T02832,Rain
T02833,Clear
T02834,Rain
T02835,Cloudy
T02836,Clear
T02837,Storm
T02838,Cloudy
T02839,Rain
T02840,Storm
T02841,Snow
T02842,Snow
T02843,Fog
T02844,Clear
T02845,Clear
T02846,Storm
T02847,Clear
T02848,Rain
T02849,Snow
T02850,Snow
T02851,Snow
T02852,Cloudy
T02853,Fog
T02854,Fog
T02855,Cloudy
T02856,Snow
T02857,Snow
T02858,Storm
T02859,Fog
T02860,Fog
T02861,Snow
T02862,Cloudy
T02863,Storm
T02864,Rain
T02865,Clear
T02866,Snow
T02867,Snow
T02868,Storm
T02869,Snow
T02870,Rain
T02871,Rain
T02872,Storm
T02873,Fog
T02874,Storm
T02875,Fog
T02876,Snow
T02877,Rain
T02878,Rain
T02879,Snow
T02880,Rain
T02881,Storm
T02882,Snow
T02883,Storm
T02884,Rain
T02885,Clear
T02886,Rain
T02887,Rain
T02888,Snow
T02889,Storm
T02890,Rain
T02891,Storm
T02892,Storm
T02893,Rain
T02894,Snow
T02895,Snow
T02896,Cloudy
T02897,Storm
T02898,Clear
T02899,Fog
T02900,Fog
T02901,Fog
T02902,Storm
T02903,Storm
T02904,Rain
T02905,Fog
T02906,Fog
T02907,Cloudy
T02908,Fog
T02909,Snow
T02910,Snow
T02911,Clear
T02912,Rain
T02913,Fog
T02914,Storm
T02915,Cloudy
T02916,Rain
T02917,Clear
T02918,Storm
T02919,Rain
T02920,Snow
T02921,Storm
T02922,Clear
T02923,Rain
T02924,Rain
T02925,Snow
T02926,Cloudy
T02927,Fog
T02928,Snow
T02929,Storm
T02930,Fog
T02931,Storm
T02932,Fog
T02933,Clear
T02934,Clear
T02935,Snow
T02936,Clear
T02937,Cloudy
T02938,Clear
T02939,Fog
T02940,Snow
T02941,Rain
T02942,Snow
T02943,Clear
T02944,Rain
T02945,Fog
T02946,Fog
T02947,Storm
T02948,Clear
T02949,Cloudy
T02950,Rain
T02951,Rain
T02952,Clear
T02953,Clear
T02954,Fog
T02955,Fog
T02956,Clear
T02957,Storm
T02958,Storm
T02959,Clear
T02960,Fog
T02961,Fog
T02962,Cloudy
T02963,Storm
T02964,Storm
T02965,Storm
T02966,Snow
T02967,Cloudy
T02968,Cloudy
T02969,Storm
T02970,Fog
T02971,Snow
T02972,Fog
T02973,Snow
T02974,Snow
T02975,Storm
T02976,Snow
T02977,Rain
T02978,Clear
T02979,Storm
T02980,Storm
T02981,Snow
T02982,Snow
T02983,Snow
T02984,Fog
T02985,Snow
T02986,Clear
T02987,Clear
T02988,Storm
T02989,Fog
T02990,Snow
T02991,Clear
T02992,Snow
T02993,Fog
T02994,Fog
T02995,Clear
T02996,Cloudy
T02997,Snow
T02998,Snow
T02999,Storm
T03000,Snow
T03001,Rain
T03002,Snow
T03003,Clear
T03004,Clear
T03005,Storm
T03006,Cloudy
T03007,Snow
T03008,Cloudy
T03009,Snow
T03010,Storm
T03011,Storm
T03012,Snow
T03013,Storm
T03014,Storm
T03015,Snow
T03016,Rain
T03017,Clear
T03018,Fog
T03019,Clear
T03020,Rain
T03021,Rain
T03022,Rain
T03023,Clear
T03024,Fog
T03025,Cloudy
T03026,Snow
T03027,Fog
T03028,Snow
T03029,Clear
T03030,Clear
T03031,Cloudy
T03032,Fog
T03033,Fog
T03034,Clear
T03035,Snow
T03036,Fog
T03037,Snow
T03038,Snow
T03039,Rain
T03040,Clear
T03041,Storm
T03042,Clear
T03043,Fog
T03044,Rain
T03045,Clear
T03046,Storm
T03047,Clear
T03048,Storm
T03049,Storm
T03050,Rain
T03051,Snow
T03052,Cloudy
T03053,Cloudy
T03054,Storm
T03055,Storm
T03056,Fog
T03057,Rain
T03058,Storm
T03059,Clear
T03060,Storm
T03061,Rain
T03062,Cloudy
T03063,Cloudy
T03064,Snow
T03065,Rain
T03066,Rain
T03067,Rain
T03068,Clear
T03069,Clear
T03070,Cloudy
T03071,Cloudy
T03072,Rain
T03073,Cloudy
T03074,Clear
T03075,Rain
T03076,Cloudy
T03077,Snow
T03078,Clear
T03079,Cloudy
T03080,Cloudy
T03081,Cloudy
T03082,Rain
T03083,Snow
T03084,Clear
T03085,Fog
T03086,Rain
T03087,Storm
T03088,Clear
T03089,Cloudy
T03090,Snow
T03091,Fog
T03092,Clear
T03093,Cloudy
T03094,Cloudy
T03095,Snow
T03096,Cloudy
T03097,Fog
T03098,Fog
T03099,Clear
T03100,Snow
T03101,Fog
T03102,Rain
T03103,Snow
T03104,Fog
T03105,Snow
T03106,Clear
T03107,Cloudy
T03108,Cloudy
T03109,Fog
T03110,Rain
T03111,Cloudy
T03112,Fog
T03113,Storm
T03114,Storm
T03115,Fog
T03116,Fog
T03117,Clear
T03118,Rain
T03119,Clear
T03120,Storm
T03121,Rain
T03122,Clear
T03123,Cloudy
T03124,Rain
T03125,Snow
T03126,Snow
T03127,Snow
T03128,Rain
T03129,Rain
T03130,Storm
T03131,Fog
T03132,Cloudy
T03133,Cloudy
T03134,Fog
T03135,Storm
T03136,Fog
T03137,Cloudy
T03138,Cloudy
T03139,Storm
T03140,Storm
T03141,Snow
T03142,Snow
T03143,Cloudy
T03144,Fog
T03145,Rain
T03146,Storm
T03147,Cloudy
T03148,Snow
T03149,Storm
T03150,Cloudy
T03151,Fog
T03152,Rain
T03153,Rain
T03154,Snow
T03155,Snow
T03156,Cloudy
T03157,Fog
T03158,Rain
T03159,Fog
T03160,Clear
T03161,Fog
T03162,Cloudy
T03163,Snow
T03164,Cloudy
T03165,Fog
T03166,Fog
T03167,Rain
T03168,Snow
T03169,Cloudy
T03170,Clear
T03171,Cloudy
T03172,Storm
T03173,Storm
T03174,Rain
T03175,Snow
T03176,Rain
T03177,Cloudy
T03178,Storm
T03179,Fog
T03180,Storm
T03181,Clear
T03182,Snow
T03183,Clear
T03184,Cloudy
T03185,Storm
T03186,Clear
T03187,Fog
T03188,Storm
T03189,Clear
T03190,Snow
T03191,Snow
T03192,Clear
T03193,Snow
T03194,Snow
T03195,Clear
T03196,Cloudy
T03197,Fog
T03198,Cloudy
T03199,Clear
T03200,Storm
T03201,Clear
T03202,Rain
T03203,Cloudy
T03204,Snow
T03205,Snow
T03206,Storm
T03207,Snow
T03208,Rain
T03209,Clear
T03210,Cloudy
T03211,Cloudy
T03212,Fog
T03213,Cloudy
T03214,Cloudy
T03215,Snow
T03216,Storm
T03217,Storm
T03218,Cloudy
T03219,Clear
T03220,Rain
T03221,Fog
T03222,Fog
T03223,Clear
T03224,Storm
T03225,Cloudy
T03226,Storm
T03227,Storm
T03228,Rain
T03229,Snow
T03230,Snow
T03231,Snow
T03232,Snow
T03233,Clear
T03234,Fog
T03235,Cloudy
T03236,Clear
T03237,Clear
T03238,Fog
T03239,Clear
T03240,Fog
T03241,Fog
T03242,Cloudy
T03243,Snow
T03244,Rain
T03245,Fog
T03246,Clear
T03247,Rain
T03248,Clear
T03249,Snow
T03250,Storm
T03251,Rain
T03252,Clear
T03253,Cloudy
T03254,Cloudy
T03255,Storm
T03256,Storm
T03257,Fog
T03258,Cloudy
T03259,Storm
T03260,Storm
T03261,Rain
T03262,Rain
T03263,Fog
T03264,Storm
T03265,Cloudy
T03266,Fog
T03267,Rain
T03268,Storm
T03269,Fog
T03270,Rain
T03271,Fog
T03272,Snow
T03273,Cloudy
T03274,Storm
T03275,Fog
T03276,Snow
T03277,Rain
T03278,Fog
T03279,Storm
T03280,Fog
T03281,Storm
T03282,Snow
T03283,Snow
T03284,Cloudy
T03285,Rain
T03286,Clear
T03287,Cloudy
T03288,Snow
T03289,Storm
T03290,Cloudy
T03291,Clear
T03292,Fog
T03293,Clear
T03294,Fog
T03295,Snow
T03296,Snow
T03297,Snow
T03298,Clear
T03299,Rain
T03300,Snow
T03301,Snow
T03302,Fog
T03303,Snow
T03304,Snow
T03305,Cloudy
T03306,Snow
T03307,Cloudy
T03308,Storm
T03309,Cloudy
T03310,Cloudy
T03311,Snow
T03312,Snow
T03313,Clear
T03314,Clear
T03315,Cloudy
T03316,Clear
T03317,Clear
T03318,Clear
T03319,Clear
T03320,Rain
T03321,Rain
T03322,Rain
T03323,Cloudy
T03324,Fog
T03325,Rain
T03326,Fog
T03327,Snow
T03328,Storm
T03329,Snow
T03330,Fog
T03331,Fog
T03332,Cloudy
T03333,Rain
T03334,Clear
T03335,Snow
T03336,Fog
T03337,Clear
T03338,Fog
T03339,Clear
T03340,Storm
T03341,Storm
T03342,Clear
T03343,Clear
T03344,Fog
T03345,Fog
T03346,Cloudy
T03347,Snow
T03348,Fog
T03349,Rain
T03350,Snow
T03351,Snow
T03352,Storm
T03353,Clear
T03354,Cloudy
T03355,Snow
T03356,Snow
T03357,Fog
T03358,Storm
T03359,Cloudy
T03360,Rain
T03361,Rain
T03362,Cloudy
T03363,Rain
T03364,Storm
T03365,Clear
T03366,Fog
T03367,Rain
T03368,Cloudy
T03369,Storm
T03370,Clear
T03371,Cloudy
T03372,Cloudy
T03373,Cloudy
T03374,Snow
T03375,Storm
T03376,Snow
T03377,Snow
T03378,Cloudy
T03379,Fog
T03380,Snow
T03381,Cloudy
T03382,Cloudy
T03383,Fog
T03384,Cloudy
T03385,Rain
T03386,Rain
T03387,Clear
T03388,Rain
T03389,Storm
T03390,Rain
T03391,Clear
T03392,Fog
T03393,Cloudy
T03394,Rain
T03395,Snow
T03396,Clear
T03397,Storm
T03398,Cloudy
T03399,Cloudy
T03400,Fog
T03401,Storm
T03402,Fog
T03403,Fog
T03404,Cloudy
T03405,Snow
T03406,Snow
T03407,Snow
T03408,Fog
T03409,Rain
T03410,Rain
T03411,Clear
T03412,Snow
T03413,Storm
T03414,Rain
T03415,Storm
T03416,Snow
T03417,Storm
T03418,Clear
T03419,Fog
T03420,Fog
T03421,Storm
T03422,Storm
T03423,Snow
T03424,Clear
T03425,Cloudy
T03426,Rain
T03427,Storm
T03428,Clear
T03429,Clear
T03430,Rain
T03431,Fog
T03432,Rain
T03433,Rain
T03434,Cloudy
T03435,Rain
T03436,Storm
T03437,Clear
T03438,Clear
T03439,Cloudy
T03440,Cloudy
T03441,Cloudy
T03442,Clear
T03443,Fog
T03444,Fog
T03445,Fog
T03446,Cloudy
T03447,Rain
T03448,Cloudy
T03449,Snow
T03450,Cloudy
T03451,Fog
T03452,Cloudy
T03453,Storm
T03454,Fog
T03455,Clear
T03456,Rain
T03457,Clear
T03458,Fog
T03459,Storm
T03460,Fog
T03461,Snow
T03462,Rain
T03463,Clear
T03464,Fog
T03465,Snow
T03466,Storm
T03467,Storm
T03468,Snow
T03469,Snow
T03470,Storm
T03471,Snow
T03472,Cloudy
T03473,Snow
T03474,Rain
T03475,Rain
T03476,Snow
T03477,Snow
T03478,Fog
T03479,Clear
T03480,Snow
T03481,Storm
T03482,Rain
T03483,Clear
T03484,Snow
T03485,Storm
T03486,Storm
T03487,Clear
T03488,Snow
T03489,Snow
T03490,Cloudy
T03491,Storm
T03492,Storm
T03493,Storm
T03494,Rain
T03495,Rain
T03496,Fog
T03497,Rain
T03498,Storm
T03499,Rain
T03500,Cloudy
T03501,Storm
T03502,Rain
T03503,Clear
T03504,Fog
T03505,Storm
T03506,Rain
T03507,Snow
T03508,Clear
T03509,Cloudy
T03510,Cloudy
T03511,Fog
T03512,Snow
T03513,Fog
T03514,Fog
T03515,Rain
T03516,Fog
T03517,Snow
T03518,Snow
T03519,Rain
T03520,Fog
T03521,Clear
T03522,Fog
T03523,Fog
T03524,Snow
T03525,Fog
T03526,Snow
T03527,Clear
T03528,Cloudy
T03529,Snow
T03530,Rain
T03531,Clear
T03532,Rain
T03533,Fog
T03534,Snow
T03535,Rain
T03536,Rain
T03537,Fog
T03538,Clear
T03539,Storm
T03540,Storm
T03541,Cloudy
T03542,Clear
T03543,Cloudy
T03544,Cloudy
T03545,Fog
T03546,Snow
T03547,Fog
T03548,Fog
T03549,Clear
T03550,Rain
T03551,Rain
T03552,Clear
T03553,Rain
T03554,Rain
T03555,Cloudy
T03556,Rain
T03557,Snow
T03558,Cloudy
T03559,Rain
T03560,Storm
T03561,Rain
T03562,Clear
T03563,Snow
T03564,Storm
T03565,Snow
T03566,Storm
T03567,Snow
T03568,Snow
T03569,Cloudy
T03570,Rain
T03571,Rain
T03572,Clear
T03573,Fog
T03574,Clear
T03575,Snow
T03576,Storm
T03577,Snow
T03578,Snow
T03579,Cloudy
T03580,Storm
T03581,Storm
T03582,Clear
T03583,Storm
T03584,Storm
T03585,Snow
T03586,Cloudy
T03587,Storm
T03588,Clear
T03589,Clear
T03590,Rain
T03591,Clear
T03592,Cloudy
T03593,Snow
T03594,Rain
T03595,Storm
T03596,Fog
T03597,Clear
T03598,Rain
T03599,Cloudy
T03600,Snow
T03601,Snow
T03602,Snow
T03603,Storm
T03604,Fog
T03605,Cloudy
T03606,Fog
T03607,Snow
T03608,Cloudy
T03609,Cloudy
T03610,Cloudy
T03611,Snow
T03612,Clear
T03613,Cloudy
T03614,Storm
T03615,Clear
T03616,Snow
T03617,Storm
T03618,Clear
T03619,Fog
T03620,Clear
T03621,Clear
T03622,Clear
T03623,Storm
T03624,Clear
T03625,Rain
T03626,Cloudy
T03627,Storm
T03628,Rain
T03629,Clear
T03630,Snow
T03631,Clear
T03632,Clear
T03633,Clear
T03634,Fog
T03635,Snow
T03636,Snow
T03637,Snow
T03638,Cloudy
T03639,Rain
T03640,Rain
T03641,Clear
T03642,Cloudy
T03643,Storm
T03644,Cloudy
T03645,Storm
T03646,Clear
T03647,Rain
T03648,Clear
T03649,Cloudy
T03650,Rain
T03651,Snow
T03652,Clear
T03653,Snow
T03654,Rain
T03655,Fog
T03656,Fog
T03657,Storm
T03658,Cloudy
T03659,Cloudy
T03660,Fog
T03661,Storm
T03662,Clear
T03663,Storm
T03664,Snow
T03665,Cloudy
T03666,Clear
T03667,Cloudy
T03668,Rain
T03669,Fog
T03670,Fog
T03671,Cloudy
T03672,Clear
T03673,Fog
T03674,Fog
T03675,Clear
T03676,Fog
T03677,Cloudy
T03678,Cloudy
T03679,Clear
T03680,Cloudy
T03681,Snow
T03682,Fog
T03683,Fog
T03684,Clear
T03685,Clear
T03686,Cloudy
T03687,Fog
T03688,Fog
T03689,Rain
T03690,Snow
T03691,Cloudy
T03692,Fog
T03693,Fog
T03694,Fog
T03695,Storm
T03696,Snow
T03697,Snow
T03698,Fog
T03699,Rain
T03700,Rain
T03701,Rain
T03702,Cloudy
T03703,Clear
T03704,Clear
T03705,Storm
T03706,Clear
T03707,Storm
T03708,Fog
T03709,Clear
T03710,Rain
T03711,Rain
T03712,Rain
T03713,Clear
T03714,Snow
T03715,Cloudy
T03716,Fog
T03717,Clear
T03718,Snow
T03719,Snow
T03720,Cloudy
T03721,Cloudy
T03722,Storm
T03723,Snow
T03724,Cloudy
T03725,Storm
T03726,Snow
T03727,Cloudy
T03728,Clear
T03729,Fog
T03730,Rain
T03731,Clear
T03732,Rain
T03733,Storm
T03734,Clear
T03735,Fog
T03736,Fog
T03737,Storm
T03738,Rain
T03739,Storm
T03740,Rain
T03741,Rain
T03742,Storm
T03743,Snow
T03744,Clear
T03745,Storm
T03746,Clear
T03747,Storm
T03748,Fog
T03749,Clear
T03750,Snow
T03751,Clear
T03752,Fog
T03753,Fog
T03754,Rain
T03755,Snow
T03756,Rain
T03757,Cloudy
T03758,Cloudy
T03759,Storm
T03760,Rain
T03761,Cloudy
T03762,Clear
T03763,Rain
T03764,Clear
T03765,Fog
T03766,Snow
T03767,Cloudy
T03768,Clear
T03769,Rain
T03770,Fog
T03771,Snow
T03772,Fog
T03773,Fog
T03774,Storm
T03775,Snow
T03776,Rain
T03777,Snow
T03778,Cloudy
T03779,Rain
T03780,Rain
T03781,Fog
T03782,Fog
T03783,Clear
T03784,Fog
T03785,Cloudy
T03786,Rain
T03787,Storm
T03788,Rain
T03789,Rain
T03790,Fog
T03791,Fog
T03792,Storm
T03793,Rain
T03794,Fog
T03795,Storm
T03796,Fog
T03797,Snow
T03798,Snow
T03799,Clear
T03800,Storm
T03801,Snow
T03802,Storm
T03803,Storm
T03804,Rain
T03805,Cloudy
T03806,Fog
T03807,Fog
T03808,Fog
T03809,Snow
T03810,Cloudy
T03811,Snow
T03812,Fog
T03813,Fog
T03814,Cloudy
T03815,Storm
T03816,Rain
T03817,Fog
T03818,Cloudy
T03819,Clear
T03820,Cloudy
T03821,Cloudy
T03822,Cloudy
T03823,Snow
T03824,Clear
T03825,Fog
T03826,Rain
T03827,Rain
T03828,Clear
T03829,Storm
T03830,Snow
T03831,Fog
T03832,Cloudy
T03833,Rain
T03834,Cloudy
T03835,Cloudy
T03836,Rain
T03837,Clear
T03838,Snow
T03839,Fog
T03840,Cloudy
T03841,Cloudy
T03842,Rain
T03843,Clear
T03844,Clear
T03845,Cloudy
T03846,Rain
T03847,Cloudy
T03848,Cloudy
T03849,Storm
T03850,Rain
T03851,Storm
T03852,Storm
T03853,Clear
T03854,Storm
T03855,Cloudy
T03856,Cloudy
T03857,Cloudy
T03858,Cloudy
T03859,Cloudy
T03860,Storm
T03861,Snow
T03862,Storm
T03863,Cloudy
T03864,Snow
T03865,Storm
T03866,Cloudy
T03867,Fog
T03868,Storm
T03869,Rain
T03870,Fog
T03871,Rain
T03872,Clear
T03873,Clear
T03874,Fog
T03875,Snow
T03876,Clear
T03877,Rain
T03878,Cloudy
T03879,Rain
T03880,Rain
T03881,Snow
T03882,Cloudy
T03883,Rain
T03884,Fog
T03885,Storm
T03886,Rain
T03887,Snow
T03888,Snow
T03889,Fog
T03890,Cloudy
T03891,Clear
T03892,Clear
T03893,Rain
T03894,Storm
T03895,Snow
T03896,Fog
T03897,Fog
T03898,Storm
T03899,Clear
T03900,Fog
T03901,Rain
T03902,Clear
T03903,Storm
T03904,Snow
T03905,Snow
T03906,Clear
T03907,Clear
T03908,Snow
T03909,Cloudy
T03910,Rain
T03911,Snow
T03912,Clear
T03913,Clear
T03914,Storm
T03915,Snow
T03916,Fog
T03917,Cloudy
T03918,Fog
T03919,Clear
T03920,Storm
T03921,Rain
T03922,Cloudy
T03923,Rain
T03924,Storm
T03925,Snow
T03926,Clear
T03927,Cloudy
T03928,Fog
T03929,Fog
T03930,Storm
T03931,Rain
T03932,Fog
T03933,Storm
T03934,Rain
T03935,Storm
T03936,Fog
T03937,Fog
T03938,Storm
T03939,Fog
T03940,Cloudy
T03941,Rain
T03942,Storm
T03943,Clear
T03944,Fog
T03945,Storm
T03946,Clear
T03947,Clear
T03948,Snow
T03949,Cloudy
T03950,Rain
T03951,Storm
T03952,Clear
T03953,Cloudy
T03954,Clear
T03955,Clear
T03956,Cloudy
T03957,Fog
T03958,Cloudy
T03959,Fog
T03960,Cloudy
T03961,Snow
T03962,Clear
T03963,Snow
T03964,Rain
T03965,Cloudy
T03966,Cloudy
T03967,Fog
T03968,Fog
T03969,Cloudy
T03970,Snow
T03971,Rain
T03972,Fog
T03973,Clear
T03974,Snow
T03975,Storm
T03976,Clear
T03977,Snow
T03978,Snow
T03979,Snow
T03980,Fog
T03981,Snow
T03982,Snow
T03983,Clear
T03984,Snow
T03985,Fog
T03986,Cloudy
T03987,Cloudy
T03988,Fog
T03989,Clear
T03990,Clear
T03991,Storm
T03992,Rain
T03993,Rain
T03994,Rain
T03995,Storm
T03996,Storm
T03997,Fog
T03998,Clear
T03999,Snow
T04000,Cloudy
T04001,Storm
T04002,Fog
T04003,Rain
T04004,Cloudy
T04005,Clear
T04006,Fog
T04007,Clear
T04008,Rain
T04009,Storm
T04010,Rain
T04011,Fog
T04012,Cloudy
T04013,Rain
T04014,Fog
T04015,Clear
T04016,Rain
T04017,Snow
T04018,Snow
T04019,Cloudy
T04020,Rain
T04021,Storm
T04022,Cloudy
T04023,Cloudy
T04024,Rain
T04025,Rain
T04026,Fog
T04027,Clear
T04028,Fog
T04029,Rain
T04030,Storm
T04031,Storm
T04032,Fog
T04033,Clear
T04034,Clear
T04035,Snow
T04036,Clear
T04037,Fog
T04038,Clear
T04039,Snow
T04040,Clear
T04041,Cloudy
T04042,Cloudy
T04043,Cloudy
T04044,Snow
T04045,Snow
T04046,Clear
T04047,Clear
T04048,Cloudy
T04049,Storm
T04050,Clear
T04051,Cloudy
T04052,Storm
T04053,Fog
T04054,Clear
T04055,Clear
T04056,Snow
T04057,Storm
T04058,Cloudy
T04059,Rain
T04060,Fog
T04061,Fog
T04062,Clear
T04063,Fog
T04064,Fog
T04065,Clear
T04066,Snow
T04067,Fog
T04068,Fog
T04069,Clear
T04070,Storm
T04071,Snow
T04072,Clear
T04073,Rain
T04074,Rain
T04075,Cloudy
T04076,Fog
T04077,Fog
T04078,Cloudy
T04079,Storm
T04080,Rain
T04081,Storm
T04082,Storm
T04083,Clear
T04084,Cloudy
T04085,Fog
T04086,Cloudy
T04087,Cloudy
T04088,Fog
T04089,Clear
T04090,Clear
T04091,Fog
T04092,Snow
T04093,Cloudy
T04094,Fog
T04095,Storm
T04096,Rain
T04097,Rain
T04098,Cloudy
T04099,Cloudy
T04100,Snow
T04101,Clear
T04102,Clear
T04103,Storm
T04104,Cloudy
T04105,Snow
T04106,Cloudy
T04107,Fog
T04108,Storm
T04109,Clear
T04110,Fog
T04111,Clear
T04112,Clear
T04113,Clear
T04114,Clear
T04115,Rain
T04116,Clear
T04117,Clear
T04118,Storm
T04119,Fog
T04120,Snow
T04121,Rain
T04122,Rain
T04123,Rain
T04124,Cloudy
T04125,Snow
T04126,Clear
T04127,Storm
T04128,Clear
T04129,Storm
T04130,Cloudy
T04131,Clear
T04132,Cloudy
T04133,Fog
T04134,Clear
T04135,Storm
T04136,Snow
T04137,Fog
T04138,Fog
T04139,Snow
T04140,Clear
T04141,Storm
T04142,Rain
T04143,Cloudy
T04144,Cloudy
T04145,Storm
T04146,Clear
T04147,Clear
T04148,Fog
T04149,Rain
T04150,Cloudy
T04151,Fog
T04152,Snow
T04153,Storm
T04154,Snow
T04155,Cloudy
T04156,Rain
T04157,Snow
T04158,Rain
T04159,Storm
T04160,Fog
T04161,Rain
T04162,Cloudy
T04163,Rain
T04164,Clear
T04165,Cloudy
T04166,Fog
T04167,Clear
T04168,Rain
T04169,Clear
T04170,Storm
T04171,Fog
T04172,Cloudy
T04173,Snow
T04174,Snow
T04175,Rain
T04176,Rain
T04177,Storm
T04178,Snow
T04179,Fog
T04180,Snow
T04181,Clear
T04182,Snow
T04183,Fog
T04184,Storm
T04185,Fog
T04186,Clear
T04187,Clear
T04188,Rain
T04189,Storm
T04190,Snow
T04191,Storm
T04192,Storm
T04193,Rain
T04194,Fog
T04195,Fog
T04196,Snow
T04197,Fog
T04198,Rain
T04199,Clear
T04200,Rain
T04201,Cloudy
T04202,Storm
T04203,Clear
T04204,Snow
T04205,Rain
T04206,Cloudy
T04207,Rain
T04208,Rain
T04209,Storm
T04210,Clear
T04211,Storm
T04212,Rain
T04213,Snow
T04214,Fog
T04215,Rain
T04216,Fog
T04217,Rain
T04218,Rain
T04219,Cloudy
T04220,Storm
T04221,Snow
T04222,Storm
T04223,Fog
T04224,Snow
T04225,Snow
T04226,Cloudy
T04227,Snow
T04228,Storm
T04229,Storm
T04230,Fog
T04231,Fog
T04232,Storm
T04233,Cloudy
T04234,Fog
T04235,Snow
T04236,Fog
T04237,Storm
T04238,Rain
T04239,Cloudy
T04240,Storm
T04241,Storm
T04242,Storm
T04243,Rain
T04244,Rain
T04245,Fog
T04246,Fog
T04247,Cloudy
T04248,Clear
T04249,Storm
T04250,Clear
T04251,Fog
T04252,Clear
T04253,Storm
T04254,Cloudy
T04255,Cloudy
T04256,Rain
T04257,Storm
T04258,Clear
T04259,Rain
T04260,Fog
T04261,Fog
T04262,Cloudy
T04263,Storm
T04264,Clear
T04265,Snow
T04266,Rain
T04267,Snow
T04268,Clear
T04269,Rain
T04270,Storm
T04271,Fog
T04272,Rain
T04273,Clear
T04274,Snow
T04275,Rain
T04276,Clear
T04277,Clear
T04278,Fog
T04279,Rain
T04280,Cloudy
T04281,Clear
T04282,Storm
T04283,Storm
T04284,Cloudy
T04285,Clear
T04286,Storm
T04287,Storm
T04288,Clear
T04289,Clear
T04290,Rain
T04291,Snow
T04292,Clear
T04293,Clear
T04294,Rain
T04295,Snow
T04296,Clear
T04297,Clear
T04298,Snow
T04299,Cloudy
T04300,Snow
T04301,Clear
T04302,Fog
T04303,Cloudy
T04304,Fog
T04305,Fog
T04306,Snow
T04307,Snow
T04308,Fog
T04309,Storm
T04310,Clear
T04311,Storm
T04312,Cloudy
T04313,Storm
T04314,Rain
T04315,Rain
T04316,Snow
T04317,Storm
T04318,Cloudy
T04319,Fog
T04320,Fog
T04321,Rain
T04322,Snow
T04323,Fog
T04324,Fog
T04325,Rain
T04326,Fog
T04327,Rain
T04328,Fog
T04329,Fog
T04330,Fog
T04331,Snow
T04332,Fog
T04333,Cloudy
T04334,Snow
T04335,Rain
T04336,Clear
T04337,Fog
T04338,Rain
T04339,Snow
T04340,Rain
T04341,Storm
T04342,Rain
T04343,Rain
T04344,Storm
T04345,Clear
T04346,Storm
T04347,Fog
T04348,Rain
T04349,Snow
T04350,Snow
T04351,Fog
T04352,Rain
T04353,Clear
T04354,Snow
T04355,Snow
T04356,Cloudy
T04357,Fog
T04358,Rain
T04359,Storm
T04360,Rain
T04361,Rain
T04362,Fog
T04363,Cloudy
T04364,Fog
T04365,Storm
T04366,Fog
T04367,Storm
T04368,Cloudy
T04369,Cloudy
T04370,Storm
T04371,Rain
T04372,Clear
T04373,Fog
T04374,Cloudy
T04375,Fog
T04376,Storm
T04377,Fog
T04378,Snow
T04379,Rain
T04380,Fog
T04381,Snow
T04382,Fog
T04383,Snow
T04384,Snow
T04385,Snow
T04386,Clear
T04387,Fog
T04388,Storm
T04389,Cloudy
T04390,Fog
T04391,Storm
T04392,Storm
T04393,Rain
T04394,Snow
T04395,Rain
T04396,Snow
T04397,Storm
T04398,Storm
T04399,Storm
T04400,Cloudy
T04401,Cloudy
T04402,Fog
T04403,Cloudy
T04404,Clear
T04405,Cloudy
T04406,Fog
T04407,Storm
T04408,Clear
T04409,Cloudy
T04410,Cloudy
T04411,Fog
T04412,Rain
T04413,Rain
T04414,Snow
T04415,Cloudy
T04416,Rain
T04417,Clear
T04418,Snow
T04419,Storm
T04420,Rain
T04421,Storm
T04422,Cloudy
T04423,Clear
T04424,Cloudy
T04425,Clear
T04426,Clear
T04427,Fog
T04428,Rain
T04429,Clear
T04430,Fog
T04431,Fog
T04432,Storm
T04433,Storm
T04434,Snow
T04435,Cloudy
T04436,Fog
T04437,Rain
T04438,Fog
T04439,Clear
T04440,Fog
T04441,Snow
T04442,Storm
T04443,Cloudy
T04444,Fog
T04445,Clear
T04446,Clear
T04447,Clear
T04448,Snow
T04449,Fog
T04450,Rain
T04451,Storm
T04452,Snow
T04453,Fog
T04454,Snow
T04455,Storm
T04456,Rain
T04457,Snow
T04458,Cloudy
T04459,Fog
T04460,Fog
T04461,Rain
T04462,Cloudy
T04463,Clear
T04464,Rain
T04465,Storm
T04466,Clear
T04467,Snow
T04468,Cloudy
T04469,Snow
T04470,Fog
T04471,Cloudy
T04472,Cloudy
T04473,Clear
T04474,Rain
T04475,Storm
T04476,Storm
T04477,Clear
T04478,Cloudy
T04479,Clear
T04480,Clear
T04481,Fog
T04482,Rain
T04483,Cloudy
T04484,Rain
T04485,Rain
T04486,Storm
T04487,Cloudy
T04488,Rain
T04489,Rain
T04490,Storm
T04491,Snow
T04492,Snow
T04493,Storm
T04494,Storm
T04495,Rain
T04496,Rain
T04497,Storm
T04498,Rain
T04499,Cloudy
T04500,Rain
T04501,Snow
T04502,Cloudy
T04503,Rain
T04504,Storm
T04505,Clear
T04506,Clear
T04507,Rain
T04508,Clear
T04509,Cloudy
T04510,Clear
T04511,Storm
T04512,Snow
T04513,Cloudy
T04514,Storm
T04515,Fog
T04516,Cloudy
T04517,Fog
T04518,Fog
T04519,Storm
T04520,Storm
T04521,Storm
T04522,Snow
T04523,Rain
T04524,Rain
T04525,Fog
T04526,Cloudy
T04527,Clear
T04528,Cloudy
T04529,Cloudy
T04530,Rain
T04531,Rain
T04532,Snow
T04533,Fog
T04534,Fog
T04535,Clear
T04536,Cloudy
T04537,Rain
T04538,Fog
T04539,Clear
T04540,Snow
T04541,Storm
T04542,Rain
T04543,Clear
T04544,Fog
T04545,Cloudy
T04546,Cloudy
T04547,Rain
T04548,Fog
T04549,Fog
T04550,Rain
T04551,Fog
T04552,Clear
T04553,Snow
T04554,Fog
T04555,Rain
T04556,Fog
T04557,Fog
T04558,Fog
T04559,Fog
T04560,Clear
T04561,Rain
T04562,Rain
T04563,Clear
T04564,Storm
T04565,Snow
T04566,Rain
T04567,Cloudy
T04568,Fog
T04569,Rain
T04570,Fog
T04571,Storm
T04572,Fog
T04573,Clear
T04574,Rain
T04575,Fog
T04576,Clear
T04577,Snow
T04578,Fog
T04579,Storm
T04580,Cloudy
T04581,Rain
T04582,Storm
T04583,Storm
T04584,Clear
T04585,Cloudy
T04586,Clear
T04587,Clear
T04588,Rain
T04589,Cloudy
T04590,Snow
T04591,Fog
T04592,Rain
T04593,Storm
T04594,Clear
T04595,Cloudy
T04596,Snow
T04597,Storm
T04598,Fog
T04599,Rain
T04600,Clear
T04601,Cloudy
T04602,Storm
T04603,Clear
T04604,Snow
T04605,Storm
T04606,Storm
T04607,Fog
T04608,Storm
T04609,Storm
T04610,Rain
T04611,Fog
T04612,Cloudy
T04613,Snow
T04614,Clear
T04615,Snow
T04616,Clear
T04617,Rain
T04618,Rain
T04619,Clear
T04620,Cloudy
T04621,Fog
T04622,Rain
T04623,Cloudy
T04624,Fog
T04625,Fog
T04626,Storm
T04627,Cloudy
T04628,Storm
T04629,Cloudy
T04630,Rain
T04631,Clear
T04632,Snow
T04633,Storm
T04634,Fog
T04635,Fog
T04636,Rain
T04637,Rain
T04638,Cloudy
T04639,Storm
T04640,Fog
T04641,Storm
T04642,Storm
T04643,Storm
T04644,Rain
T04645,Storm
T04646,Clear
T04647,Storm
T04648,Storm
T04649,Cloudy
T04650,Cloudy
T04651,Snow
T04652,Rain
T04653,Storm
T04654,Snow
T04655,Cloudy
T04656,Clear
T04657,Rain
T04658,Fog
T04659,Snow
T04660,Fog
T04661,Fog
T04662,Snow
T04663,Storm
T04664,Clear
T04665,Snow
T04666,Fog
T04667,Clear
T04668,Storm
T04669,Fog
T04670,Cloudy
T04671,Storm
T04672,Cloudy
T04673,Rain
T04674,Fog
T04675,Rain
T04676,Fog
T04677,Cloudy
T04678,Rain
T04679,Fog
T04680,Rain
T04681,Cloudy
T04682,Clear
T04683,Rain
T04684,Snow
T04685,Rain
T04686,Snow
T04687,Snow
T04688,Rain
T04689,Snow
T04690,Cloudy
T04691,Storm
T04692,Snow
T04693,Storm
T04694,Cloudy
T04695,Storm
T04696,Storm
T04697,Fog
T04698,Storm
T04699,Fog
T04700,Rain
T04701,Cloudy
T04702,Snow
T04703,Cloudy
T04704,Storm
T04705,Snow
T04706,Cloudy
T04707,Snow
T04708,Clear
T04709,Rain
T04710,Snow
T04711,Clear
T04712,Cloudy
T04713,Snow
T04714,Snow
T04715,Snow
T04716,Clear
T04717,Rain
T04718,Snow
T04719,Cloudy
T04720,Cloudy
T04721,Storm
T04722,Storm
T04723,Snow
T04724,Clear
T04725,Cloudy
T04726,Cloudy
T04727,Storm
T04728,Clear
T04729,Snow
T04730,Snow
T04731,Rain
T04732,Rain
T04733,Rain
T04734,Rain
T04735,Storm
T04736,Snow
T04737,Snow
T04738,Cloudy
T04739,Storm
T04740,Cloudy
T04741,Rain
T04742,Snow
T04743,Cloudy
T04744,Cloudy
T04745,Rain
T04746,Clear
T04747,Storm
T04748,Cloudy
T04749,Fog
T04750,Cloudy
T04751,Rain
T04752,Storm
T04753,Snow
T04754,Rain
T04755,Cloudy
T04756,Rain
T04757,Fog
T04758,Fog
T04759,Fog
T04760,Snow
T04761,Rain
T04762,Cloudy
T04763,Rain
T04764,Rain
T04765,Storm
T04766,Cloudy
T04767,Rain
T04768,Cloudy
T04769,Snow
T04770,Snow
T04771,Snow
T04772,Storm
T04773,Clear
T04774,Rain
T04775,Rain
T04776,Snow
T04777,Snow
T04778,Cloudy
T04779,Cloudy
T04780,Cloudy
T04781,Snow
T04782,Rain
T04783,Clear
T04784,Snow
T04785,Fog
T04786,Rain
T04787,Rain
T04788,Snow
T04789,Snow
T04790,Snow
T04791,Fog
T04792,Storm
T04793,Clear
T04794,Storm
T04795,Storm
T04796,Rain
T04797,Clear
T04798,Clear
T04799,Storm
T04800,Fog
T04801,Clear
T04802,Rain
T04803,Snow
T04804,Clear
T04805,Rain
T04806,Snow
T04807,Clear
T04808,Clear
T04809,Clear
T04810,Cloudy
T04811,Snow
T04812,Fog
T04813,Storm
T04814,Storm
T04815,Cloudy
T04816,Clear
T04817,Clear
T04818,Rain
T04819,Rain
T04820,Cloudy
T04821,Rain
T04822,Rain
T04823,Fog
T04824,Fog
T04825,Snow
T04826,Fog
T04827,Cloudy
T04828,Clear
T04829,Storm
T04830,Cloudy
T04831,Fog
T04832,Snow
T04833,Cloudy
T04834,Fog
T04835,Fog
T04836,Fog
T04837,Rain
T04838,Snow
T04839,Clear
T04840,Fog
T04841,Snow
T04842,Cloudy
T04843,Storm
T04844,Cloudy
T04845,Clear
T04846,Cloudy
T04847,Rain
T04848,Cloudy
T04849,Storm
T04850,Snow
T04851,Clear
T04852,Fog
T04853,Snow
T04854,Rain
T04855,Clear
T04856,Cloudy
T04857,Fog
T04858,Storm
T04859,Clear
T04860,Fog
T04861,Fog
T04862,Cloudy
T04863,Snow
T04864,Fog
T04865,Snow
T04866,Snow
T04867,Fog
T04868,Cloudy
T04869,Cloudy
T04870,Snow
T04871,Rain
T04872,Cloudy
T04873,Snow
T04874,Fog
T04875,Storm
T04876,Cloudy
T04877,Snow
T04878,Clear
T04879,Clear
T04880,Clear
T04881,Cloudy
T04882,Clear
T04883,Rain
T04884,Storm
T04885,Fog
T04886,Fog
T04887,Snow
T04888,Rain
T04889,Rain
T04890,Storm
T04891,Snow
T04892,Storm
T04893,Rain
T04894,Storm
T04895,Fog
T04896,Storm
T04897,Rain
T04898,Storm
T04899,Fog
T04900,Cloudy
T04901,Clear
T04902,Rain
T04903,Cloudy
T04904,Clear
T04905,Storm
T04906,Cloudy
T04907,Snow
T04908,Storm
T04909,Storm
T04910,Cloudy
T04911,Rain
T04912,Fog
T04913,Snow
T04914,Rain
T04915,Rain
T04916,Storm
T04917,Fog
T04918,Cloudy
T04919,Cloudy
T04920,Storm
T04921,Rain
T04922,Cloudy
T04923,Snow
T04924,Cloudy
T04925,Rain
T04926,Snow
T04927,Storm
T04928,Fog
T04929,Rain
T04930,Snow
T04931,Clear
T04932,Rain
T04933,Rain
T04934,Fog
T04935,Snow
T04936,Rain
T04937,Clear
T04938,Rain
T04939,Snow
T04940,Snow
T04941,Snow
T04942,Rain
T04943,Fog
T04944,Clear
T04945,Fog
T04946,Cloudy
T04947,Rain
T04948,Storm
T04949,Storm
T04950,Clear
T04951,Snow
T04952,Clear
T04953,Storm
T04954,Storm
T04955,Snow
T04956,Fog
T04957,Storm
T04958,Snow
T04959,Clear
T04960,Clear
T04961,Rain
T04962,Fog
T04963,Snow
T04964,Rain
T04965,Fog
T04966,Cloudy
T04967,Storm
T04968,Fog
T04969,Cloudy
T04970,Clear
T04971,Storm
T04972,Rain
T04973,Snow
T04974,Fog
T04975,Fog
T04976,Snow
T04977,Fog
T04978,Rain
T04979,Storm
T04980,Snow
T04981,Storm
T04982,Storm
T04983,Clear
T04984,Snow
T04985,Snow
T04986,Fog
T04987,Snow
T04988,Storm
T04989,Fog
T04990,Storm
T04991,Clear
T04992,Snow
T04993,Cloudy
T04994,Cloudy
T04995,Cloudy
T04996,Fog
T04997,Storm
T04998,Storm
T04999,Storm
T05000,Snow
